강철비2: 정상회담,188909
반도,185917
빅샤크3: 젤리몬스터 대소동,194799
알라딘,163788
온워드: 단 하루의 기적,187351
소년시절의 너,192066
밤쉘: 세상을 바꾼 폭탄선언,191143
존 윅,123300
1942: 언노운 배틀,194791
세인트 주디,168051
파리의 인어,194486
마티아스와 막심,185273
블루 아워,183429
위대한 쇼맨,106360
#살아있다,189537
소년 아메드,185269
카오산 탱고,174261
비바리움,187294
슈퍼 레이스,186931
모든 것을 벗어던진 특별한 여행,194294
지저귀는 새는 날지 않는다,194693
시네마 천국,10001
부활,194368
원 데이,79770
너와 파도를 탈 수 있다면,186348
피아니스트의 전설,29059
에베레스트,194295
카페 벨에포크,185285
야구소녀,189633
팬데믹,194766
테우리,194661
패왕별희 디 오리지널,14448
톰보이,85825
고 피쉬!,194284
트랜짓,173247
어게인,189747
미션,10086
킹 오브 프리즘 올 스타즈 -프리즘 쇼☆베스트10-,191642
이장,185150
스타 이즈 본,168050
타오르는 여인의 초상,185282
트로이,37742
소리꾼,189118
미녀와 야수,136872
벌새,179307
시티 오브 갓,36651
래미와 친구들 : 푸른푸른 초원의 위기,194371
전망 좋은 방,10480
라라랜드,134963
루비,189622
환상의 마로나,186347
베스트 오퍼,101248
팡파레,186235
헤이트풀8,124238
우리들,146504
쓰루 더 파이어,184759
결백,180378
다크 나이트,62586
찬실이는 복도 많지,189624
로제타,27111
인비저블 라이프,185292
우리집 똥멍청이,194765
"아무튼, 아담",194807
더 차일드,41554
다가오는 것들,147945
아들,35180
소셜노마드,194344
아디오스,191714
에이브의 쿠킹 다이어리,182099
레이니 데이 인 뉴욕,152691
"안녕, 미누",178520
시라이,187297
소공녀,159311
창은,190616
가버나움,174830
국도극장,178569
광주비디오: 사라진 4시간,194688
프리즈너,194285
샤인,17970
울지마 톤즈 2 : 슈크란 바바,190223
이태원,153934
아이 캔 온리 이매진,169647
보희와 녹양,179397
나는보리,179394
욕창,185151
바람의 언덕,189438
백년의 기억,188162
밤의 문이 열린다,176625
16세의 사운드트랙,194004
고양이 집사,190447
기억의 전쟁,179414
몽상가들,37544
"안녕, 나의 소울메이트",156912
인베이젼 2020,193326
카메라를 멈추면 안 돼!,174301
프랑스여자,185380
2017 동명이인 프로젝트,166416
나의 노래는 멀리멀리,187979
내일을 위한 시간,123298
래미의 드래곤월드 구출작전,195081
말 없는 사나이,30012
매치 포인트,40932
미스비헤이비어,192623
바다로 가자,181099
불량한 가족,194007
비행,172181
산티아고의 흰 지팡이,188030
수색자,20324
쉘부르의 우산,10323
스쿠프,56220
용쟁호투,10182
울프 콜,189028
유령선,193839
이유없는 반항,10566
이창,10621
작은 빛,180851
지붕 위의 바이올린,10592
호우시절,69952
내친구아내,173998
뮤지컬 쉬 러브즈 미,162816
미스 사이공: 25주년 특별 공연,155123
미져리,10489
언노운 걸,150372
에이리언,10037
에이리언 2,10038
조디악,52555
캐리,11757
플라이,11093
다만 악에서 구하소서,189069
강철비2: 정상회담,188909
반도,185917
애니멀 크래커,134824
빅샤크3: 젤리몬스터 대소동,194799
온워드: 단 하루의 기적,187351
소년시절의 너,192066
미녀와 야수,136872
블랙아웃 : 인베이젼 어스,182809
알라딘,163788
고 피쉬!,194284
마티아스와 막심,185273
지저귀는 새는 날지 않는다,194693
밤쉘: 세상을 바꾼 폭탄선언,191143
블루 아워,183429
카오산 탱고,174261
세인트 주디,168051
소년 아메드,185269
위대한 쇼맨,106360
시네마 천국,10001
주식회사 스페셜액터스,195180
킹 오브 프리즘 올 스타즈 -프리즘 쇼☆베스트10-,191642
비바리움,187294
부활,194368
존 윅,123300
2017 동명이인 프로젝트,166416
루비,189622
패왕별희 디 오리지널,14448
카페 벨에포크,185285
이장,185150
큐리오사,185256
톰보이,85825
인비저블 라이프,185292
전망 좋은 방,10480
#살아있다,189537
베스트 오퍼,101248
피아니스트의 전설,29059
라라랜드,134963
찬실이는 복도 많지,189624
타오르는 여인의 초상,185282
야구소녀,189633
이태원,153934
카메라를 멈추면 안 돼!,174301
너와 파도를 탈 수 있다면,186348
팡파레,186235
원 데이,79770
트랜짓,173247
1942: 언노운 배틀,194791
어게인,189747
나의 노래는 멀리멀리,187979
스타 이즈 본,168050
파리의 인어,194486
매치 포인트,40932
나는보리,179394
인셉션,52515
작은 빛,180851
욕창,185151
"안녕, 미누",178520
슈퍼 레이스,186931
에베레스트,194295
유령선,193839
우리집 똥멍청이,194765
보희와 녹양,179397
소공녀,159311
시티 오브 갓,36651
"안녕, 나의 소울메이트",156912
광주비디오: 사라진 4시간,194688
바람의 언덕,189438
백년의 기억,188162
우리들,146504
프리즈너,194285
고양이 집사,190447
국도극장,178569
다가오는 것들,147945
몽상가들,37544
벌새,179307
비행,172181
성혜의 나라,174294
쉘부르의 우산,10323
아이 캔 온리 이매진,169647
트로이,37742
16세의 사운드트랙,194004
가버나움,174830
기억의 전쟁,179414
내일을 위한 시간,123298
대전 블루스,190620
로제타,27111
말 없는 사나이,30012
모든 것을 벗어던진 특별한 여행,194294
미스비헤이비어,192623
바다로 가자,181099
밤의 문이 열린다,176625
불량한 가족,194007
산티아고의 흰 지팡이,188030
소리꾼,189118
소셜노마드,194344
수색자,20324
스쿠프,56220
시라이,187297
쓰루 더 파이어,184759
"아무튼, 아담",194807
애프터 웨딩 인 뉴욕,182042
어메이징 그레이스,146068
용쟁호투,10182
울지마 톤즈 2 : 슈크란 바바,190223
울프 콜,189028
윤희에게,182387
이유없는 반항,10566
죽도 서핑 다이어리,185136
창은,190616
테우리,194661
프랑스여자,185380
프리저베이션 홀 재즈밴드,183658
하트,189123
호우시절,69952
환상의 마로나,186347
결백,180378
내친구아내,173998
더 차일드,41554
도둑들,78726
뮤지컬 쉬 러브즈 미,162816
미션,10086
미스 사이공: 25주년 특별 공연,155123
미져리,10489
박하사탕,27219
아들,35180
아멜리에,32588
에이리언,10037
에이리언 2,10038
여배우는 오늘도,138601
조디악,52555
캐리,11757
톡식 어벤져,178404
헤이트풀8,124238
다만 악에서 구하소서,189069
강철비2: 정상회담,188909
반도,185917
애니멀 크래커,134824
빅샤크3: 젤리몬스터 대소동,194799
온워드: 단 하루의 기적,187351
소년시절의 너,192066
미녀와 야수,136872
블랙아웃 : 인베이젼 어스,182809
알라딘,163788
고 피쉬!,194284
마티아스와 막심,185273
지저귀는 새는 날지 않는다,194693
밤쉘: 세상을 바꾼 폭탄선언,191143
블루 아워,183429
카오산 탱고,174261
세인트 주디,168051
소년 아메드,185269
위대한 쇼맨,106360
시네마 천국,10001
주식회사 스페셜액터스,195180
킹 오브 프리즘 올 스타즈 -프리즘 쇼☆베스트10-,191642
비바리움,187294
부활,194368
존 윅,123300
2017 동명이인 프로젝트,166416
루비,189622
패왕별희 디 오리지널,14448
카페 벨에포크,185285
이장,185150
큐리오사,185256
톰보이,85825
인비저블 라이프,185292
전망 좋은 방,10480
#살아있다,189537
베스트 오퍼,101248
피아니스트의 전설,29059
라라랜드,134963
찬실이는 복도 많지,189624
타오르는 여인의 초상,185282
야구소녀,189633
이태원,153934
카메라를 멈추면 안 돼!,174301
너와 파도를 탈 수 있다면,186348
팡파레,186235
원 데이,79770
트랜짓,173247
1942: 언노운 배틀,194791
어게인,189747
나의 노래는 멀리멀리,187979
스타 이즈 본,168050
파리의 인어,194486
매치 포인트,40932
나는보리,179394
인셉션,52515
작은 빛,180851
욕창,185151
"안녕, 미누",178520
슈퍼 레이스,186931
에베레스트,194295
유령선,193839
우리집 똥멍청이,194765
보희와 녹양,179397
소공녀,159311
시티 오브 갓,36651
"안녕, 나의 소울메이트",156912
광주비디오: 사라진 4시간,194688
바람의 언덕,189438
백년의 기억,188162
우리들,146504
프리즈너,194285
고양이 집사,190447
국도극장,178569
다가오는 것들,147945
몽상가들,37544
벌새,179307
비행,172181
성혜의 나라,174294
쉘부르의 우산,10323
아이 캔 온리 이매진,169647
트로이,37742
16세의 사운드트랙,194004
가버나움,174830
기억의 전쟁,179414
내일을 위한 시간,123298
대전 블루스,190620
로제타,27111
말 없는 사나이,30012
모든 것을 벗어던진 특별한 여행,194294
미스비헤이비어,192623
바다로 가자,181099
밤의 문이 열린다,176625
불량한 가족,194007
산티아고의 흰 지팡이,188030
소리꾼,189118
소셜노마드,194344
수색자,20324
스쿠프,56220
시라이,187297
쓰루 더 파이어,184759
"아무튼, 아담",194807
애프터 웨딩 인 뉴욕,182042
어메이징 그레이스,146068
용쟁호투,10182
울지마 톤즈 2 : 슈크란 바바,190223
울프 콜,189028
윤희에게,182387
이유없는 반항,10566
죽도 서핑 다이어리,185136
창은,190616
테우리,194661
프랑스여자,185380
프리저베이션 홀 재즈밴드,183658
하트,189123
호우시절,69952
환상의 마로나,186347
결백,180378
내친구아내,173998
더 차일드,41554
도둑들,78726
뮤지컬 쉬 러브즈 미,162816
미션,10086
미스 사이공: 25주년 특별 공연,155123
미져리,10489
박하사탕,27219
아들,35180
아멜리에,32588
에이리언,10037
에이리언 2,10038
여배우는 오늘도,138601
조디악,52555
캐리,11757
톡식 어벤져,178404
헤이트풀8,124238
다만 악에서 구하소서,189069
강철비2: 정상회담,188909
반도,185917
애니멀 크래커,134824
빅샤크3: 젤리몬스터 대소동,194799
온워드: 단 하루의 기적,187351
소년시절의 너,192066
미녀와 야수,136872
블랙아웃 : 인베이젼 어스,182809
알라딘,163788
고 피쉬!,194284
마티아스와 막심,185273
지저귀는 새는 날지 않는다,194693
밤쉘: 세상을 바꾼 폭탄선언,191143
블루 아워,183429
카오산 탱고,174261
세인트 주디,168051
소년 아메드,185269
위대한 쇼맨,106360
시네마 천국,10001
주식회사 스페셜액터스,195180
킹 오브 프리즘 올 스타즈 -프리즘 쇼☆베스트10-,191642
비바리움,187294
부활,194368
존 윅,123300
2017 동명이인 프로젝트,166416
루비,189622
패왕별희 디 오리지널,14448
카페 벨에포크,185285
이장,185150
큐리오사,185256
톰보이,85825
인비저블 라이프,185292
전망 좋은 방,10480
#살아있다,189537
베스트 오퍼,101248
피아니스트의 전설,29059
라라랜드,134963
찬실이는 복도 많지,189624
타오르는 여인의 초상,185282
야구소녀,189633
이태원,153934
카메라를 멈추면 안 돼!,174301
너와 파도를 탈 수 있다면,186348
팡파레,186235
원 데이,79770
트랜짓,173247
1942: 언노운 배틀,194791
어게인,189747
나의 노래는 멀리멀리,187979
스타 이즈 본,168050
파리의 인어,194486
매치 포인트,40932
나는보리,179394
인셉션,52515
작은 빛,180851
욕창,185151
"안녕, 미누",178520
슈퍼 레이스,186931
에베레스트,194295
유령선,193839
우리집 똥멍청이,194765
보희와 녹양,179397
소공녀,159311
시티 오브 갓,36651
"안녕, 나의 소울메이트",156912
광주비디오: 사라진 4시간,194688
바람의 언덕,189438
백년의 기억,188162
우리들,146504
프리즈너,194285
고양이 집사,190447
국도극장,178569
다가오는 것들,147945
몽상가들,37544
벌새,179307
비행,172181
성혜의 나라,174294
쉘부르의 우산,10323
아이 캔 온리 이매진,169647
트로이,37742
16세의 사운드트랙,194004
가버나움,174830
기억의 전쟁,179414
내일을 위한 시간,123298
대전 블루스,190620
로제타,27111
말 없는 사나이,30012
모든 것을 벗어던진 특별한 여행,194294
미스비헤이비어,192623
바다로 가자,181099
밤의 문이 열린다,176625
불량한 가족,194007
산티아고의 흰 지팡이,188030
소리꾼,189118
소셜노마드,194344
수색자,20324
스쿠프,56220
시라이,187297
쓰루 더 파이어,184759
"아무튼, 아담",194807
애프터 웨딩 인 뉴욕,182042
어메이징 그레이스,146068
용쟁호투,10182
울지마 톤즈 2 : 슈크란 바바,190223
울프 콜,189028
윤희에게,182387
이유없는 반항,10566
죽도 서핑 다이어리,185136
창은,190616
테우리,194661
프랑스여자,185380
프리저베이션 홀 재즈밴드,183658
하트,189123
호우시절,69952
환상의 마로나,186347
결백,180378
내친구아내,173998
더 차일드,41554
도둑들,78726
뮤지컬 쉬 러브즈 미,162816
미션,10086
미스 사이공: 25주년 특별 공연,155123
미져리,10489
박하사탕,27219
아들,35180
아멜리에,32588
에이리언,10037
에이리언 2,10038
여배우는 오늘도,138601
조디악,52555
캐리,11757
톡식 어벤져,178404
헤이트풀8,124238
다만 악에서 구하소서,189069
강철비2: 정상회담,188909
반도,185917
애니멀 크래커,134824
빅샤크3: 젤리몬스터 대소동,194799
온워드: 단 하루의 기적,187351
소년시절의 너,192066
미녀와 야수,136872
블랙아웃 : 인베이젼 어스,182809
알라딘,163788
고 피쉬!,194284
마티아스와 막심,185273
지저귀는 새는 날지 않는다,194693
밤쉘: 세상을 바꾼 폭탄선언,191143
블루 아워,183429
카오산 탱고,174261
세인트 주디,168051
소년 아메드,185269
위대한 쇼맨,106360
시네마 천국,10001
주식회사 스페셜액터스,195180
킹 오브 프리즘 올 스타즈 -프리즘 쇼☆베스트10-,191642
비바리움,187294
부활,194368
존 윅,123300
2017 동명이인 프로젝트,166416
루비,189622
패왕별희 디 오리지널,14448
카페 벨에포크,185285
이장,185150
큐리오사,185256
톰보이,85825
인비저블 라이프,185292
전망 좋은 방,10480
#살아있다,189537
베스트 오퍼,101248
피아니스트의 전설,29059
라라랜드,134963
찬실이는 복도 많지,189624
타오르는 여인의 초상,185282
야구소녀,189633
이태원,153934
카메라를 멈추면 안 돼!,174301
너와 파도를 탈 수 있다면,186348
팡파레,186235
원 데이,79770
트랜짓,173247
1942: 언노운 배틀,194791
어게인,189747
나의 노래는 멀리멀리,187979
스타 이즈 본,168050
파리의 인어,194486
매치 포인트,40932
나는보리,179394
인셉션,52515
작은 빛,180851
욕창,185151
"안녕, 미누",178520
슈퍼 레이스,186931
에베레스트,194295
유령선,193839
우리집 똥멍청이,194765
보희와 녹양,179397
소공녀,159311
시티 오브 갓,36651
"안녕, 나의 소울메이트",156912
광주비디오: 사라진 4시간,194688
바람의 언덕,189438
백년의 기억,188162
우리들,146504
프리즈너,194285
고양이 집사,190447
국도극장,178569
다가오는 것들,147945
몽상가들,37544
벌새,179307
비행,172181
성혜의 나라,174294
쉘부르의 우산,10323
아이 캔 온리 이매진,169647
트로이,37742
16세의 사운드트랙,194004
가버나움,174830
기억의 전쟁,179414
내일을 위한 시간,123298
대전 블루스,190620
로제타,27111
말 없는 사나이,30012
모든 것을 벗어던진 특별한 여행,194294
미스비헤이비어,192623
바다로 가자,181099
밤의 문이 열린다,176625
불량한 가족,194007
산티아고의 흰 지팡이,188030
소리꾼,189118
소셜노마드,194344
수색자,20324
스쿠프,56220
시라이,187297
쓰루 더 파이어,184759
"아무튼, 아담",194807
애프터 웨딩 인 뉴욕,182042
어메이징 그레이스,146068
용쟁호투,10182
울지마 톤즈 2 : 슈크란 바바,190223
울프 콜,189028
윤희에게,182387
이유없는 반항,10566
죽도 서핑 다이어리,185136
창은,190616
테우리,194661
프랑스여자,185380
프리저베이션 홀 재즈밴드,183658
하트,189123
호우시절,69952
환상의 마로나,186347
결백,180378
내친구아내,173998
더 차일드,41554
도둑들,78726
뮤지컬 쉬 러브즈 미,162816
미션,10086
미스 사이공: 25주년 특별 공연,155123
미져리,10489
박하사탕,27219
아들,35180
아멜리에,32588
에이리언,10037
에이리언 2,10038
여배우는 오늘도,138601
조디악,52555
캐리,11757
톡식 어벤져,178404
헤이트풀8,124238
다만 악에서 구하소서,189069
강철비2: 정상회담,188909
반도,185917
애니멀 크래커,134824
빅샤크3: 젤리몬스터 대소동,194799
온워드: 단 하루의 기적,187351
소년시절의 너,192066
미녀와 야수,136872
블랙아웃 : 인베이젼 어스,182809
알라딘,163788
고 피쉬!,194284
마티아스와 막심,185273
지저귀는 새는 날지 않는다,194693
밤쉘: 세상을 바꾼 폭탄선언,191143
블루 아워,183429
카오산 탱고,174261
세인트 주디,168051
소년 아메드,185269
위대한 쇼맨,106360
시네마 천국,10001
주식회사 스페셜액터스,195180
킹 오브 프리즘 올 스타즈 -프리즘 쇼☆베스트10-,191642
비바리움,187294
부활,194368
존 윅,123300
2017 동명이인 프로젝트,166416
루비,189622
패왕별희 디 오리지널,14448
카페 벨에포크,185285
이장,185150
큐리오사,185256
톰보이,85825
인비저블 라이프,185292
전망 좋은 방,10480
#살아있다,189537
베스트 오퍼,101248
피아니스트의 전설,29059
라라랜드,134963
찬실이는 복도 많지,189624
타오르는 여인의 초상,185282
야구소녀,189633
이태원,153934
카메라를 멈추면 안 돼!,174301
너와 파도를 탈 수 있다면,186348
팡파레,186235
원 데이,79770
트랜짓,173247
1942: 언노운 배틀,194791
어게인,189747
나의 노래는 멀리멀리,187979
스타 이즈 본,168050
파리의 인어,194486
매치 포인트,40932
나는보리,179394
인셉션,52515
작은 빛,180851
욕창,185151
"안녕, 미누",178520
슈퍼 레이스,186931
에베레스트,194295
유령선,193839
우리집 똥멍청이,194765
보희와 녹양,179397
소공녀,159311
시티 오브 갓,36651
"안녕, 나의 소울메이트",156912
광주비디오: 사라진 4시간,194688
바람의 언덕,189438
백년의 기억,188162
우리들,146504
프리즈너,194285
고양이 집사,190447
국도극장,178569
다가오는 것들,147945
몽상가들,37544
벌새,179307
비행,172181
성혜의 나라,174294
쉘부르의 우산,10323
아이 캔 온리 이매진,169647
트로이,37742
16세의 사운드트랙,194004
가버나움,174830
기억의 전쟁,179414
내일을 위한 시간,123298
대전 블루스,190620
로제타,27111
말 없는 사나이,30012
모든 것을 벗어던진 특별한 여행,194294
미스비헤이비어,192623
바다로 가자,181099
밤의 문이 열린다,176625
불량한 가족,194007
산티아고의 흰 지팡이,188030
소리꾼,189118
소셜노마드,194344
수색자,20324
스쿠프,56220
시라이,187297
쓰루 더 파이어,184759
"아무튼, 아담",194807
애프터 웨딩 인 뉴욕,182042
어메이징 그레이스,146068
용쟁호투,10182
울지마 톤즈 2 : 슈크란 바바,190223
울프 콜,189028
윤희에게,182387
이유없는 반항,10566
죽도 서핑 다이어리,185136
창은,190616
테우리,194661
프랑스여자,185380
프리저베이션 홀 재즈밴드,183658
하트,189123
호우시절,69952
환상의 마로나,186347
결백,180378
내친구아내,173998
더 차일드,41554
도둑들,78726
뮤지컬 쉬 러브즈 미,162816
미션,10086
미스 사이공: 25주년 특별 공연,155123
미져리,10489
박하사탕,27219
아들,35180
아멜리에,32588
에이리언,10037
에이리언 2,10038
여배우는 오늘도,138601
조디악,52555
캐리,11757
톡식 어벤져,178404
헤이트풀8,124238
다만 악에서 구하소서,189069
강철비2: 정상회담,188909
반도,185917
애니멀 크래커,134824
빅샤크3: 젤리몬스터 대소동,194799
온워드: 단 하루의 기적,187351
소년시절의 너,192066
미녀와 야수,136872
블랙아웃 : 인베이젼 어스,182809
알라딘,163788
고 피쉬!,194284
마티아스와 막심,185273
지저귀는 새는 날지 않는다,194693
밤쉘: 세상을 바꾼 폭탄선언,191143
블루 아워,183429
카오산 탱고,174261
세인트 주디,168051
소년 아메드,185269
위대한 쇼맨,106360
시네마 천국,10001
주식회사 스페셜액터스,195180
킹 오브 프리즘 올 스타즈 -프리즘 쇼☆베스트10-,191642
비바리움,187294
부활,194368
존 윅,123300
2017 동명이인 프로젝트,166416
루비,189622
패왕별희 디 오리지널,14448
카페 벨에포크,185285
이장,185150
큐리오사,185256
톰보이,85825
인비저블 라이프,185292
전망 좋은 방,10480
#살아있다,189537
베스트 오퍼,101248
피아니스트의 전설,29059
라라랜드,134963
찬실이는 복도 많지,189624
타오르는 여인의 초상,185282
야구소녀,189633
이태원,153934
카메라를 멈추면 안 돼!,174301
너와 파도를 탈 수 있다면,186348
팡파레,186235
원 데이,79770
트랜짓,173247
1942: 언노운 배틀,194791
어게인,189747
나의 노래는 멀리멀리,187979
스타 이즈 본,168050
파리의 인어,194486
매치 포인트,40932
나는보리,179394
인셉션,52515
작은 빛,180851
욕창,185151
"안녕, 미누",178520
슈퍼 레이스,186931
에베레스트,194295
유령선,193839
우리집 똥멍청이,194765
보희와 녹양,179397
소공녀,159311
시티 오브 갓,36651
"안녕, 나의 소울메이트",156912
광주비디오: 사라진 4시간,194688
바람의 언덕,189438
백년의 기억,188162
우리들,146504
프리즈너,194285
고양이 집사,190447
국도극장,178569
다가오는 것들,147945
몽상가들,37544
벌새,179307
비행,172181
성혜의 나라,174294
쉘부르의 우산,10323
아이 캔 온리 이매진,169647
트로이,37742
16세의 사운드트랙,194004
가버나움,174830
기억의 전쟁,179414
내일을 위한 시간,123298
대전 블루스,190620
로제타,27111
말 없는 사나이,30012
모든 것을 벗어던진 특별한 여행,194294
미스비헤이비어,192623
바다로 가자,181099
밤의 문이 열린다,176625
불량한 가족,194007
산티아고의 흰 지팡이,188030
소리꾼,189118
소셜노마드,194344
수색자,20324
스쿠프,56220
시라이,187297
쓰루 더 파이어,184759
"아무튼, 아담",194807
애프터 웨딩 인 뉴욕,182042
어메이징 그레이스,146068
용쟁호투,10182
울지마 톤즈 2 : 슈크란 바바,190223
울프 콜,189028
윤희에게,182387
이유없는 반항,10566
죽도 서핑 다이어리,185136
창은,190616
테우리,194661
프랑스여자,185380
프리저베이션 홀 재즈밴드,183658
하트,189123
호우시절,69952
환상의 마로나,186347
결백,180378
내친구아내,173998
더 차일드,41554
도둑들,78726
뮤지컬 쉬 러브즈 미,162816
미션,10086
미스 사이공: 25주년 특별 공연,155123
미져리,10489
박하사탕,27219
아들,35180
아멜리에,32588
에이리언,10037
에이리언 2,10038
여배우는 오늘도,138601
조디악,52555
캐리,11757
톡식 어벤져,178404
헤이트풀8,124238
다만 악에서 구하소서,189069
강철비2: 정상회담,188909
반도,185917
애니멀 크래커,134824
빅샤크3: 젤리몬스터 대소동,194799
온워드: 단 하루의 기적,187351
소년시절의 너,192066
미녀와 야수,136872
블랙아웃 : 인베이젼 어스,182809
알라딘,163788
고 피쉬!,194284
마티아스와 막심,185273
지저귀는 새는 날지 않는다,194693
밤쉘: 세상을 바꾼 폭탄선언,191143
블루 아워,183429
카오산 탱고,174261
세인트 주디,168051
소년 아메드,185269
위대한 쇼맨,106360
시네마 천국,10001
주식회사 스페셜액터스,195180
킹 오브 프리즘 올 스타즈 -프리즘 쇼☆베스트10-,191642
비바리움,187294
부활,194368
존 윅,123300
2017 동명이인 프로젝트,166416
루비,189622
패왕별희 디 오리지널,14448
카페 벨에포크,185285
이장,185150
큐리오사,185256
톰보이,85825
인비저블 라이프,185292
전망 좋은 방,10480
#살아있다,189537
베스트 오퍼,101248
피아니스트의 전설,29059
라라랜드,134963
찬실이는 복도 많지,189624
타오르는 여인의 초상,185282
야구소녀,189633
이태원,153934
카메라를 멈추면 안 돼!,174301
너와 파도를 탈 수 있다면,186348
팡파레,186235
원 데이,79770
트랜짓,173247
1942: 언노운 배틀,194791
어게인,189747
나의 노래는 멀리멀리,187979
스타 이즈 본,168050
파리의 인어,194486
매치 포인트,40932
나는보리,179394
인셉션,52515
작은 빛,180851
욕창,185151
"안녕, 미누",178520
슈퍼 레이스,186931
에베레스트,194295
유령선,193839
우리집 똥멍청이,194765
보희와 녹양,179397
소공녀,159311
시티 오브 갓,36651
"안녕, 나의 소울메이트",156912
광주비디오: 사라진 4시간,194688
바람의 언덕,189438
백년의 기억,188162
우리들,146504
프리즈너,194285
고양이 집사,190447
국도극장,178569
다가오는 것들,147945
몽상가들,37544
벌새,179307
비행,172181
성혜의 나라,174294
쉘부르의 우산,10323
아이 캔 온리 이매진,169647
트로이,37742
16세의 사운드트랙,194004
가버나움,174830
기억의 전쟁,179414
내일을 위한 시간,123298
대전 블루스,190620
로제타,27111
말 없는 사나이,30012
모든 것을 벗어던진 특별한 여행,194294
미스비헤이비어,192623
바다로 가자,181099
밤의 문이 열린다,176625
불량한 가족,194007
산티아고의 흰 지팡이,188030
소리꾼,189118
소셜노마드,194344
수색자,20324
스쿠프,56220
시라이,187297
쓰루 더 파이어,184759
"아무튼, 아담",194807
애프터 웨딩 인 뉴욕,182042
어메이징 그레이스,146068
용쟁호투,10182
울지마 톤즈 2 : 슈크란 바바,190223
울프 콜,189028
윤희에게,182387
이유없는 반항,10566
죽도 서핑 다이어리,185136
창은,190616
테우리,194661
프랑스여자,185380
프리저베이션 홀 재즈밴드,183658
하트,189123
호우시절,69952
환상의 마로나,186347
결백,180378
내친구아내,173998
더 차일드,41554
도둑들,78726
뮤지컬 쉬 러브즈 미,162816
미션,10086
미스 사이공: 25주년 특별 공연,155123
미져리,10489
박하사탕,27219
아들,35180
아멜리에,32588
에이리언,10037
에이리언 2,10038
여배우는 오늘도,138601
조디악,52555
캐리,11757
톡식 어벤져,178404
헤이트풀8,124238
다만 악에서 구하소서,189069
강철비2: 정상회담,188909
반도,185917
애니멀 크래커,134824
빅샤크3: 젤리몬스터 대소동,194799
블랙아웃 : 인베이젼 어스,182809
미녀와 야수,136872
온워드: 단 하루의 기적,187351
소년시절의 너,192066
알라딘,163788
마티아스와 막심,185273
밤쉘: 세상을 바꾼 폭탄선언,191143
위대한 쇼맨,106360
고 피쉬!,194284
지저귀는 새는 날지 않는다,194693
블루 아워,183429
소년 아메드,185269
세인트 주디,168051
주식회사 스페셜액터스,195180
카오산 탱고,174261
비바리움,187294
시네마 천국,10001
부활,194368
큐리오사,185256
카페 벨에포크,185285
패왕별희 디 오리지널,14448
킹 오브 프리즘 올 스타즈 -프리즘 쇼☆베스트10-,191642
루비,189622
전망 좋은 방,10480
너와 파도를 탈 수 있다면,186348
인셉션,52515
이장,185150
라라랜드,134963
#살아있다,189537
찬실이는 복도 많지,189624
톰보이,85825
야구소녀,189633
시티 오브 갓,36651
피아니스트의 전설,29059
인비저블 라이프,185292
어게인,189747
에베레스트,194295
타오르는 여인의 초상,185282
스타 이즈 본,168050
팡파레,186235
트랜짓,173247
매치 포인트,40932
나는보리,179394
미션,10086
베스트 오퍼,101248
파리의 인어,194486
벌새,179307
소공녀,159311
슈퍼 레이스,186931
이타미 준의 바다,185149
"안녕, 나의 소울메이트",156912
원 데이,79770
결백,180378
우리집 똥멍청이,194765
1942: 언노운 배틀,194791
가버나움,174830
아이 캔 온리 이매진,169647
소리꾼,189118
레이니 데이 인 뉴욕,152691
이태원,153934
더 차일드,41554
욕창,185151
우리들,146504
"안녕, 미누",178520
유령선,193839
바다로 가자,181099
몽상가들,37544
작은 빛,180851
광주비디오: 사라진 4시간,194688
트로이,37742
로제타,27111
모든 것을 벗어던진 특별한 여행,194294
수색자,20324
국도극장,178569
보희와 녹양,179397
바람의 언덕,189438
다가오는 것들,147945
백년의 기억,188162
성혜의 나라,174294
프리즈너,194285
고양이 집사,190447
미스비헤이비어,192623
밤의 문이 열린다,176625
비행,172181
쉘부르의 우산,10323
왕의 남자,39894
죽도 서핑 다이어리,185136
프랑스여자,185380
프리저베이션 홀 재즈밴드,183658
16세의 사운드트랙,194004
기억의 전쟁,179414
대전 블루스,190620
동주,134899
로마 위드 러브,84917
말 없는 사나이,30012
박열,155716
불량한 가족,194007
사도,121922
산티아고의 흰 지팡이,188030
샤인,17970
소셜노마드,194344
소원,103535
스쿠프,56220
"아무튼, 아담",194807
애프터 웨딩 인 뉴욕,182042
어메이징 그레이스,146068
용쟁호투,10182
울지마 톤즈 2 : 슈크란 바바,190223
윤희에게,182387
이유없는 반항,10566
이창,10621
지붕 위의 바이올린,10592
창은,190616
카페 소사이어티,136870
클라우즈 오브 실스마리아,109640
테우리,194661
하트,189123
내친구아내,173998
도둑들,78726
뮤지컬 쉬 러브즈 미,162816
미스 사이공: 25주년 특별 공연,155123
미져리,10489
박하사탕,27219
아들,35180
아멜리에,32588
여배우는 오늘도,138601
캐리,11757
톡식 어벤져,178404
헤이트풀8,124238
다만 악에서 구하소서,189069
강철비2: 정상회담,188909
반도,185917
애니멀 크래커,134824
빅샤크3: 젤리몬스터 대소동,194799
블랙아웃 : 인베이젼 어스,182809
미녀와 야수,136872
온워드: 단 하루의 기적,187351
소년시절의 너,192066
알라딘,163788
마티아스와 막심,185273
밤쉘: 세상을 바꾼 폭탄선언,191143
위대한 쇼맨,106360
고 피쉬!,194284
지저귀는 새는 날지 않는다,194693
블루 아워,183429
소년 아메드,185269
세인트 주디,168051
주식회사 스페셜액터스,195180
카오산 탱고,174261
비바리움,187294
시네마 천국,10001
부활,194368
큐리오사,185256
카페 벨에포크,185285
패왕별희 디 오리지널,14448
킹 오브 프리즘 올 스타즈 -프리즘 쇼☆베스트10-,191642
루비,189622
전망 좋은 방,10480
너와 파도를 탈 수 있다면,186348
인셉션,52515
이장,185150
라라랜드,134963
#살아있다,189537
찬실이는 복도 많지,189624
톰보이,85825
야구소녀,189633
시티 오브 갓,36651
피아니스트의 전설,29059
인비저블 라이프,185292
어게인,189747
에베레스트,194295
타오르는 여인의 초상,185282
스타 이즈 본,168050
팡파레,186235
트랜짓,173247
매치 포인트,40932
나는보리,179394
미션,10086
베스트 오퍼,101248
파리의 인어,194486
벌새,179307
소공녀,159311
슈퍼 레이스,186931
이타미 준의 바다,185149
"안녕, 나의 소울메이트",156912
원 데이,79770
결백,180378
우리집 똥멍청이,194765
1942: 언노운 배틀,194791
가버나움,174830
아이 캔 온리 이매진,169647
소리꾼,189118
레이니 데이 인 뉴욕,152691
이태원,153934
더 차일드,41554
욕창,185151
우리들,146504
"안녕, 미누",178520
유령선,193839
바다로 가자,181099
몽상가들,37544
작은 빛,180851
광주비디오: 사라진 4시간,194688
트로이,37742
로제타,27111
모든 것을 벗어던진 특별한 여행,194294
수색자,20324
국도극장,178569
보희와 녹양,179397
바람의 언덕,189438
다가오는 것들,147945
백년의 기억,188162
성혜의 나라,174294
프리즈너,194285
고양이 집사,190447
미스비헤이비어,192623
밤의 문이 열린다,176625
비행,172181
쉘부르의 우산,10323
왕의 남자,39894
죽도 서핑 다이어리,185136
프랑스여자,185380
프리저베이션 홀 재즈밴드,183658
16세의 사운드트랙,194004
기억의 전쟁,179414
대전 블루스,190620
동주,134899
로마 위드 러브,84917
말 없는 사나이,30012
박열,155716
불량한 가족,194007
사도,121922
산티아고의 흰 지팡이,188030
샤인,17970
소셜노마드,194344
소원,103535
스쿠프,56220
"아무튼, 아담",194807
애프터 웨딩 인 뉴욕,182042
어메이징 그레이스,146068
용쟁호투,10182
울지마 톤즈 2 : 슈크란 바바,190223
윤희에게,182387
이유없는 반항,10566
이창,10621
지붕 위의 바이올린,10592
창은,190616
카페 소사이어티,136870
클라우즈 오브 실스마리아,109640
테우리,194661
하트,189123
내친구아내,173998
도둑들,78726
뮤지컬 쉬 러브즈 미,162816
미스 사이공: 25주년 특별 공연,155123
미져리,10489
박하사탕,27219
아들,35180
아멜리에,32588
여배우는 오늘도,138601
캐리,11757
톡식 어벤져,178404
헤이트풀8,124238
다만 악에서 구하소서,189069
강철비2: 정상회담,188909
반도,185917
애니멀 크래커,134824
빅샤크3: 젤리몬스터 대소동,194799
블랙아웃 : 인베이젼 어스,182809
미녀와 야수,136872
온워드: 단 하루의 기적,187351
소년시절의 너,192066
알라딘,163788
마티아스와 막심,185273
밤쉘: 세상을 바꾼 폭탄선언,191143
위대한 쇼맨,106360
고 피쉬!,194284
지저귀는 새는 날지 않는다,194693
블루 아워,183429
소년 아메드,185269
세인트 주디,168051
주식회사 스페셜액터스,195180
카오산 탱고,174261
비바리움,187294
시네마 천국,10001
부활,194368
큐리오사,185256
카페 벨에포크,185285
패왕별희 디 오리지널,14448
킹 오브 프리즘 올 스타즈 -프리즘 쇼☆베스트10-,191642
루비,189622
전망 좋은 방,10480
너와 파도를 탈 수 있다면,186348
인셉션,52515
이장,185150
라라랜드,134963
#살아있다,189537
찬실이는 복도 많지,189624
톰보이,85825
야구소녀,189633
시티 오브 갓,36651
피아니스트의 전설,29059
인비저블 라이프,185292
어게인,189747
에베레스트,194295
타오르는 여인의 초상,185282
스타 이즈 본,168050
팡파레,186235
트랜짓,173247
매치 포인트,40932
나는보리,179394
미션,10086
베스트 오퍼,101248
파리의 인어,194486
벌새,179307
소공녀,159311
슈퍼 레이스,186931
이타미 준의 바다,185149
"안녕, 나의 소울메이트",156912
원 데이,79770
결백,180378
우리집 똥멍청이,194765
1942: 언노운 배틀,194791
가버나움,174830
아이 캔 온리 이매진,169647
소리꾼,189118
레이니 데이 인 뉴욕,152691
이태원,153934
더 차일드,41554
욕창,185151
우리들,146504
"안녕, 미누",178520
유령선,193839
바다로 가자,181099
몽상가들,37544
작은 빛,180851
광주비디오: 사라진 4시간,194688
트로이,37742
로제타,27111
모든 것을 벗어던진 특별한 여행,194294
수색자,20324
국도극장,178569
보희와 녹양,179397
바람의 언덕,189438
다가오는 것들,147945
백년의 기억,188162
성혜의 나라,174294
프리즈너,194285
고양이 집사,190447
미스비헤이비어,192623
밤의 문이 열린다,176625
비행,172181
쉘부르의 우산,10323
왕의 남자,39894
죽도 서핑 다이어리,185136
프랑스여자,185380
프리저베이션 홀 재즈밴드,183658
16세의 사운드트랙,194004
기억의 전쟁,179414
대전 블루스,190620
동주,134899
로마 위드 러브,84917
말 없는 사나이,30012
박열,155716
불량한 가족,194007
사도,121922
산티아고의 흰 지팡이,188030
샤인,17970
소셜노마드,194344
소원,103535
스쿠프,56220
"아무튼, 아담",194807
애프터 웨딩 인 뉴욕,182042
어메이징 그레이스,146068
용쟁호투,10182
울지마 톤즈 2 : 슈크란 바바,190223
윤희에게,182387
이유없는 반항,10566
이창,10621
지붕 위의 바이올린,10592
창은,190616
카페 소사이어티,136870
클라우즈 오브 실스마리아,109640
테우리,194661
하트,189123
내친구아내,173998
도둑들,78726
뮤지컬 쉬 러브즈 미,162816
미스 사이공: 25주년 특별 공연,155123
미져리,10489
박하사탕,27219
아들,35180
아멜리에,32588
여배우는 오늘도,138601
캐리,11757
톡식 어벤져,178404
헤이트풀8,124238
다만 악에서 구하소서,189069
강철비2: 정상회담,188909
반도,185917
애니멀 크래커,134824
빅샤크3: 젤리몬스터 대소동,194799
블랙아웃 : 인베이젼 어스,182809
미녀와 야수,136872
온워드: 단 하루의 기적,187351
소년시절의 너,192066
알라딘,163788
마티아스와 막심,185273
밤쉘: 세상을 바꾼 폭탄선언,191143
위대한 쇼맨,106360
고 피쉬!,194284
지저귀는 새는 날지 않는다,194693
블루 아워,183429
소년 아메드,185269
세인트 주디,168051
주식회사 스페셜액터스,195180
카오산 탱고,174261
비바리움,187294
시네마 천국,10001
부활,194368
큐리오사,185256
카페 벨에포크,185285
패왕별희 디 오리지널,14448
킹 오브 프리즘 올 스타즈 -프리즘 쇼☆베스트10-,191642
루비,189622
전망 좋은 방,10480
너와 파도를 탈 수 있다면,186348
인셉션,52515
이장,185150
라라랜드,134963
#살아있다,189537
찬실이는 복도 많지,189624
톰보이,85825
야구소녀,189633
시티 오브 갓,36651
피아니스트의 전설,29059
인비저블 라이프,185292
어게인,189747
에베레스트,194295
타오르는 여인의 초상,185282
스타 이즈 본,168050
팡파레,186235
트랜짓,173247
매치 포인트,40932
나는보리,179394
미션,10086
베스트 오퍼,101248
파리의 인어,194486
벌새,179307
소공녀,159311
슈퍼 레이스,186931
이타미 준의 바다,185149
"안녕, 나의 소울메이트",156912
원 데이,79770
결백,180378
우리집 똥멍청이,194765
1942: 언노운 배틀,194791
가버나움,174830
아이 캔 온리 이매진,169647
소리꾼,189118
레이니 데이 인 뉴욕,152691
이태원,153934
더 차일드,41554
욕창,185151
우리들,146504
"안녕, 미누",178520
유령선,193839
바다로 가자,181099
몽상가들,37544
작은 빛,180851
광주비디오: 사라진 4시간,194688
트로이,37742
로제타,27111
모든 것을 벗어던진 특별한 여행,194294
수색자,20324
국도극장,178569
보희와 녹양,179397
바람의 언덕,189438
다가오는 것들,147945
백년의 기억,188162
성혜의 나라,174294
프리즈너,194285
고양이 집사,190447
미스비헤이비어,192623
밤의 문이 열린다,176625
비행,172181
쉘부르의 우산,10323
왕의 남자,39894
죽도 서핑 다이어리,185136
프랑스여자,185380
프리저베이션 홀 재즈밴드,183658
16세의 사운드트랙,194004
기억의 전쟁,179414
대전 블루스,190620
동주,134899
로마 위드 러브,84917
말 없는 사나이,30012
박열,155716
불량한 가족,194007
사도,121922
산티아고의 흰 지팡이,188030
샤인,17970
소셜노마드,194344
소원,103535
스쿠프,56220
"아무튼, 아담",194807
애프터 웨딩 인 뉴욕,182042
어메이징 그레이스,146068
용쟁호투,10182
울지마 톤즈 2 : 슈크란 바바,190223
윤희에게,182387
이유없는 반항,10566
이창,10621
지붕 위의 바이올린,10592
창은,190616
카페 소사이어티,136870
클라우즈 오브 실스마리아,109640
테우리,194661
하트,189123
내친구아내,173998
도둑들,78726
뮤지컬 쉬 러브즈 미,162816
미스 사이공: 25주년 특별 공연,155123
미져리,10489
박하사탕,27219
아들,35180
아멜리에,32588
여배우는 오늘도,138601
캐리,11757
톡식 어벤져,178404
헤이트풀8,124238
다만 악에서 구하소서,189069
강철비2: 정상회담,188909
반도,185917
애니멀 크래커,134824
빅샤크3: 젤리몬스터 대소동,194799
블랙아웃 : 인베이젼 어스,182809
미녀와 야수,136872
온워드: 단 하루의 기적,187351
소년시절의 너,192066
알라딘,163788
마티아스와 막심,185273
밤쉘: 세상을 바꾼 폭탄선언,191143
위대한 쇼맨,106360
고 피쉬!,194284
지저귀는 새는 날지 않는다,194693
블루 아워,183429
소년 아메드,185269
세인트 주디,168051
주식회사 스페셜액터스,195180
카오산 탱고,174261
비바리움,187294
시네마 천국,10001
부활,194368
큐리오사,185256
카페 벨에포크,185285
패왕별희 디 오리지널,14448
킹 오브 프리즘 올 스타즈 -프리즘 쇼☆베스트10-,191642
루비,189622
전망 좋은 방,10480
너와 파도를 탈 수 있다면,186348
인셉션,52515
이장,185150
라라랜드,134963
#살아있다,189537
찬실이는 복도 많지,189624
톰보이,85825
야구소녀,189633
시티 오브 갓,36651
피아니스트의 전설,29059
인비저블 라이프,185292
어게인,189747
에베레스트,194295
타오르는 여인의 초상,185282
스타 이즈 본,168050
팡파레,186235
트랜짓,173247
매치 포인트,40932
나는보리,179394
미션,10086
베스트 오퍼,101248
파리의 인어,194486
벌새,179307
소공녀,159311
슈퍼 레이스,186931
이타미 준의 바다,185149
"안녕, 나의 소울메이트",156912
원 데이,79770
결백,180378
우리집 똥멍청이,194765
1942: 언노운 배틀,194791
가버나움,174830
아이 캔 온리 이매진,169647
소리꾼,189118
레이니 데이 인 뉴욕,152691
이태원,153934
더 차일드,41554
욕창,185151
우리들,146504
"안녕, 미누",178520
유령선,193839
바다로 가자,181099
몽상가들,37544
작은 빛,180851
광주비디오: 사라진 4시간,194688
트로이,37742
로제타,27111
모든 것을 벗어던진 특별한 여행,194294
수색자,20324
국도극장,178569
보희와 녹양,179397
바람의 언덕,189438
다가오는 것들,147945
백년의 기억,188162
성혜의 나라,174294
프리즈너,194285
고양이 집사,190447
미스비헤이비어,192623
밤의 문이 열린다,176625
비행,172181
쉘부르의 우산,10323
왕의 남자,39894
죽도 서핑 다이어리,185136
프랑스여자,185380
프리저베이션 홀 재즈밴드,183658
16세의 사운드트랙,194004
기억의 전쟁,179414
대전 블루스,190620
동주,134899
로마 위드 러브,84917
말 없는 사나이,30012
박열,155716
불량한 가족,194007
사도,121922
산티아고의 흰 지팡이,188030
샤인,17970
소셜노마드,194344
소원,103535
스쿠프,56220
"아무튼, 아담",194807
애프터 웨딩 인 뉴욕,182042
어메이징 그레이스,146068
용쟁호투,10182
울지마 톤즈 2 : 슈크란 바바,190223
윤희에게,182387
이유없는 반항,10566
이창,10621
지붕 위의 바이올린,10592
창은,190616
카페 소사이어티,136870
클라우즈 오브 실스마리아,109640
테우리,194661
하트,189123
내친구아내,173998
도둑들,78726
뮤지컬 쉬 러브즈 미,162816
미스 사이공: 25주년 특별 공연,155123
미져리,10489
박하사탕,27219
아들,35180
아멜리에,32588
여배우는 오늘도,138601
캐리,11757
톡식 어벤져,178404
헤이트풀8,124238
다만 악에서 구하소서,189069
강철비2: 정상회담,188909
반도,185917
애니멀 크래커,134824
빅샤크3: 젤리몬스터 대소동,194799
블랙아웃 : 인베이젼 어스,182809
미녀와 야수,136872
온워드: 단 하루의 기적,187351
소년시절의 너,192066
알라딘,163788
마티아스와 막심,185273
밤쉘: 세상을 바꾼 폭탄선언,191143
위대한 쇼맨,106360
고 피쉬!,194284
지저귀는 새는 날지 않는다,194693
블루 아워,183429
소년 아메드,185269
세인트 주디,168051
주식회사 스페셜액터스,195180
카오산 탱고,174261
비바리움,187294
시네마 천국,10001
부활,194368
큐리오사,185256
카페 벨에포크,185285
패왕별희 디 오리지널,14448
킹 오브 프리즘 올 스타즈 -프리즘 쇼☆베스트10-,191642
루비,189622
전망 좋은 방,10480
너와 파도를 탈 수 있다면,186348
인셉션,52515
이장,185150
라라랜드,134963
#살아있다,189537
찬실이는 복도 많지,189624
톰보이,85825
야구소녀,189633
시티 오브 갓,36651
피아니스트의 전설,29059
인비저블 라이프,185292
어게인,189747
에베레스트,194295
타오르는 여인의 초상,185282
스타 이즈 본,168050
팡파레,186235
트랜짓,173247
매치 포인트,40932
나는보리,179394
미션,10086
베스트 오퍼,101248
파리의 인어,194486
벌새,179307
소공녀,159311
슈퍼 레이스,186931
이타미 준의 바다,185149
"안녕, 나의 소울메이트",156912
원 데이,79770
결백,180378
우리집 똥멍청이,194765
1942: 언노운 배틀,194791
가버나움,174830
아이 캔 온리 이매진,169647
소리꾼,189118
레이니 데이 인 뉴욕,152691
이태원,153934
더 차일드,41554
욕창,185151
우리들,146504
"안녕, 미누",178520
유령선,193839
바다로 가자,181099
몽상가들,37544
작은 빛,180851
광주비디오: 사라진 4시간,194688
트로이,37742
로제타,27111
모든 것을 벗어던진 특별한 여행,194294
수색자,20324
국도극장,178569
보희와 녹양,179397
바람의 언덕,189438
다가오는 것들,147945
백년의 기억,188162
성혜의 나라,174294
프리즈너,194285
고양이 집사,190447
미스비헤이비어,192623
밤의 문이 열린다,176625
비행,172181
쉘부르의 우산,10323
왕의 남자,39894
죽도 서핑 다이어리,185136
프랑스여자,185380
프리저베이션 홀 재즈밴드,183658
16세의 사운드트랙,194004
기억의 전쟁,179414
대전 블루스,190620
동주,134899
로마 위드 러브,84917
말 없는 사나이,30012
박열,155716
불량한 가족,194007
사도,121922
산티아고의 흰 지팡이,188030
샤인,17970
소셜노마드,194344
소원,103535
스쿠프,56220
"아무튼, 아담",194807
애프터 웨딩 인 뉴욕,182042
어메이징 그레이스,146068
용쟁호투,10182
울지마 톤즈 2 : 슈크란 바바,190223
윤희에게,182387
이유없는 반항,10566
이창,10621
지붕 위의 바이올린,10592
창은,190616
카페 소사이어티,136870
클라우즈 오브 실스마리아,109640
테우리,194661
하트,189123
내친구아내,173998
도둑들,78726
뮤지컬 쉬 러브즈 미,162816
미스 사이공: 25주년 특별 공연,155123
미져리,10489
박하사탕,27219
아들,35180
아멜리에,32588
여배우는 오늘도,138601
캐리,11757
톡식 어벤져,178404
헤이트풀8,124238
다만 악에서 구하소서,189069
강철비2: 정상회담,188909
반도,185917
애니멀 크래커,134824
빅샤크3: 젤리몬스터 대소동,194799
블랙아웃 : 인베이젼 어스,182809
미녀와 야수,136872
온워드: 단 하루의 기적,187351
소년시절의 너,192066
알라딘,163788
마티아스와 막심,185273
밤쉘: 세상을 바꾼 폭탄선언,191143
위대한 쇼맨,106360
고 피쉬!,194284
지저귀는 새는 날지 않는다,194693
블루 아워,183429
소년 아메드,185269
세인트 주디,168051
주식회사 스페셜액터스,195180
카오산 탱고,174261
비바리움,187294
시네마 천국,10001
부활,194368
큐리오사,185256
카페 벨에포크,185285
패왕별희 디 오리지널,14448
킹 오브 프리즘 올 스타즈 -프리즘 쇼☆베스트10-,191642
루비,189622
전망 좋은 방,10480
너와 파도를 탈 수 있다면,186348
인셉션,52515
이장,185150
라라랜드,134963
#살아있다,189537
찬실이는 복도 많지,189624
톰보이,85825
야구소녀,189633
시티 오브 갓,36651
피아니스트의 전설,29059
인비저블 라이프,185292
어게인,189747
에베레스트,194295
타오르는 여인의 초상,185282
스타 이즈 본,168050
팡파레,186235
트랜짓,173247
매치 포인트,40932
나는보리,179394
미션,10086
베스트 오퍼,101248
파리의 인어,194486
벌새,179307
소공녀,159311
슈퍼 레이스,186931
이타미 준의 바다,185149
"안녕, 나의 소울메이트",156912
원 데이,79770
결백,180378
우리집 똥멍청이,194765
1942: 언노운 배틀,194791
가버나움,174830
아이 캔 온리 이매진,169647
소리꾼,189118
레이니 데이 인 뉴욕,152691
이태원,153934
더 차일드,41554
욕창,185151
우리들,146504
"안녕, 미누",178520
유령선,193839
바다로 가자,181099
몽상가들,37544
작은 빛,180851
광주비디오: 사라진 4시간,194688
트로이,37742
로제타,27111
모든 것을 벗어던진 특별한 여행,194294
수색자,20324
국도극장,178569
보희와 녹양,179397
바람의 언덕,189438
다가오는 것들,147945
백년의 기억,188162
성혜의 나라,174294
프리즈너,194285
고양이 집사,190447
미스비헤이비어,192623
밤의 문이 열린다,176625
비행,172181
쉘부르의 우산,10323
왕의 남자,39894
죽도 서핑 다이어리,185136
프랑스여자,185380
프리저베이션 홀 재즈밴드,183658
16세의 사운드트랙,194004
기억의 전쟁,179414
대전 블루스,190620
동주,134899
로마 위드 러브,84917
말 없는 사나이,30012
박열,155716
불량한 가족,194007
사도,121922
산티아고의 흰 지팡이,188030
샤인,17970
소셜노마드,194344
소원,103535
스쿠프,56220
"아무튼, 아담",194807
애프터 웨딩 인 뉴욕,182042
어메이징 그레이스,146068
용쟁호투,10182
울지마 톤즈 2 : 슈크란 바바,190223
윤희에게,182387
이유없는 반항,10566
이창,10621
지붕 위의 바이올린,10592
창은,190616
카페 소사이어티,136870
클라우즈 오브 실스마리아,109640
테우리,194661
하트,189123
내친구아내,173998
도둑들,78726
뮤지컬 쉬 러브즈 미,162816
미스 사이공: 25주년 특별 공연,155123
미져리,10489
박하사탕,27219
아들,35180
아멜리에,32588
여배우는 오늘도,138601
캐리,11757
톡식 어벤져,178404
헤이트풀8,124238
다만 악에서 구하소서,189069
강철비2: 정상회담,188909
반도,185917
애니멀 크래커,134824
빅샤크3: 젤리몬스터 대소동,194799
블랙아웃 : 인베이젼 어스,182809
미녀와 야수,136872
온워드: 단 하루의 기적,187351
소년시절의 너,192066
알라딘,163788
마티아스와 막심,185273
밤쉘: 세상을 바꾼 폭탄선언,191143
위대한 쇼맨,106360
고 피쉬!,194284
지저귀는 새는 날지 않는다,194693
블루 아워,183429
소년 아메드,185269
세인트 주디,168051
주식회사 스페셜액터스,195180
카오산 탱고,174261
비바리움,187294
시네마 천국,10001
부활,194368
큐리오사,185256
카페 벨에포크,185285
패왕별희 디 오리지널,14448
킹 오브 프리즘 올 스타즈 -프리즘 쇼☆베스트10-,191642
루비,189622
전망 좋은 방,10480
너와 파도를 탈 수 있다면,186348
인셉션,52515
이장,185150
라라랜드,134963
#살아있다,189537
찬실이는 복도 많지,189624
톰보이,85825
야구소녀,189633
시티 오브 갓,36651
피아니스트의 전설,29059
인비저블 라이프,185292
어게인,189747
에베레스트,194295
타오르는 여인의 초상,185282
스타 이즈 본,168050
팡파레,186235
트랜짓,173247
매치 포인트,40932
나는보리,179394
미션,10086
베스트 오퍼,101248
파리의 인어,194486
벌새,179307
소공녀,159311
슈퍼 레이스,186931
이타미 준의 바다,185149
"안녕, 나의 소울메이트",156912
원 데이,79770
결백,180378
우리집 똥멍청이,194765
1942: 언노운 배틀,194791
가버나움,174830
아이 캔 온리 이매진,169647
소리꾼,189118
레이니 데이 인 뉴욕,152691
이태원,153934
더 차일드,41554
욕창,185151
우리들,146504
"안녕, 미누",178520
유령선,193839
바다로 가자,181099
몽상가들,37544
작은 빛,180851
광주비디오: 사라진 4시간,194688
트로이,37742
로제타,27111
모든 것을 벗어던진 특별한 여행,194294
수색자,20324
국도극장,178569
보희와 녹양,179397
바람의 언덕,189438
다가오는 것들,147945
백년의 기억,188162
성혜의 나라,174294
프리즈너,194285
고양이 집사,190447
미스비헤이비어,192623
밤의 문이 열린다,176625
비행,172181
쉘부르의 우산,10323
왕의 남자,39894
죽도 서핑 다이어리,185136
프랑스여자,185380
프리저베이션 홀 재즈밴드,183658
16세의 사운드트랙,194004
기억의 전쟁,179414
대전 블루스,190620
동주,134899
로마 위드 러브,84917
말 없는 사나이,30012
박열,155716
불량한 가족,194007
사도,121922
산티아고의 흰 지팡이,188030
샤인,17970
소셜노마드,194344
소원,103535
스쿠프,56220
"아무튼, 아담",194807
애프터 웨딩 인 뉴욕,182042
어메이징 그레이스,146068
용쟁호투,10182
울지마 톤즈 2 : 슈크란 바바,190223
윤희에게,182387
이유없는 반항,10566
이창,10621
지붕 위의 바이올린,10592
창은,190616
카페 소사이어티,136870
클라우즈 오브 실스마리아,109640
테우리,194661
하트,189123
내친구아내,173998
도둑들,78726
뮤지컬 쉬 러브즈 미,162816
미스 사이공: 25주년 특별 공연,155123
미져리,10489
박하사탕,27219
아들,35180
아멜리에,32588
여배우는 오늘도,138601
캐리,11757
톡식 어벤져,178404
헤이트풀8,124238
